seed,Fixed RSRP classes,RSRP alone,RSRQ alone,SINR alone,"Composite, eq. (5)",Equal weights,Linear normalization,SINR and RSRQ only,Linear regression (learned),Gradient boosting (learned)
0,0.3843,0.4091,0.5217,0.5837,0.55,0.566,0.5452,0.5836,0.5819,0.6139
1,0.4126,0.432,0.5912,0.6138,0.6321,0.6376,0.6167,0.6405,0.6136,0.6889
2,0.3761,0.4064,0.5251,0.5053,0.5515,0.5668,0.538,0.5454,0.5238,0.6292
3,0.2855,0.2862,0.5753,0.601,0.5655,0.5701,0.5517,0.6179,0.5661,0.632
4,0.2735,0.2927,0.5742,0.6202,0.5864,0.6001,0.5759,0.6305,0.6031,0.6529
5,0.3416,0.3546,0.567,0.6378,0.596,0.6127,0.5869,0.6485,0.6264,0.6566
6,0.4921,0.5138,0.6072,0.6016,0.6675,0.6932,0.6556,0.6455,0.6265,0.6509
7,0.3445,0.3595,0.5167,0.5906,0.5644,0.5723,0.5538,0.596,0.5855,0.6274
8,0.3985,0.4292,0.5399,0.5697,0.6029,0.6237,0.5888,0.5987,0.5828,0.6514
9,0.318,0.3212,0.568,0.5995,0.5707,0.5762,0.5563,0.6221,0.571,0.6208
10,0.2402,0.2597,0.5552,0.5804,0.5431,0.5522,0.5294,0.6036,0.545,0.5969
11,0.3006,0.3186,0.5777,0.581,0.5556,0.5873,0.5436,0.6106,0.5761,0.6501
12,0.3596,0.3574,0.5789,0.5962,0.578,0.6095,0.5675,0.6224,0.5931,0.6888
13,0.3384,0.3625,0.5811,0.6312,0.5983,0.6105,0.5905,0.6366,0.6207,0.6569
14,0.5044,0.513,0.5722,0.5443,0.6406,0.6454,0.6245,0.5987,0.5496,0.6
15,0.3751,0.3893,0.5445,0.538,0.5679,0.5781,0.5532,0.5749,0.5394,0.6325
16,0.3954,0.4097,0.5472,0.586,0.6243,0.6153,0.6067,0.6011,0.609,0.6845
17,0.4282,0.4406,0.5034,0.5615,0.5967,0.5961,0.5843,0.5732,0.581,0.655
18,0.3394,0.3467,0.5816,0.6351,0.6147,0.6332,0.5954,0.6493,0.638,0.6942
19,0.512,0.5443,0.5151,0.5205,0.629,0.6447,0.6149,0.5588,0.5263,0.581
20,0.398,0.4482,0.5864,0.6591,0.6468,0.6468,0.6362,0.6664,0.6607,0.6777
21,0.5473,0.5513,0.5594,0.5499,0.6481,0.6643,0.6383,0.5983,0.5131,0.6047
22,0.4885,0.5247,0.5306,0.5433,0.6395,0.645,0.6207,0.578,0.5613,0.5849
23,0.3591,0.3882,0.5548,0.6279,0.5881,0.608,0.5782,0.6298,0.6242,0.6452
24,0.3791,0.414,0.5353,0.5368,0.565,0.5829,0.553,0.5746,0.5493,0.6248
25,0.3984,0.417,0.551,0.5493,0.5883,0.6002,0.5796,0.5866,0.5612,0.6484
26,0.2918,0.2892,0.5134,0.5897,0.5395,0.5451,0.5254,0.5869,0.5725,0.6174
27,0.3864,0.4076,0.5447,0.5715,0.5864,0.5975,0.5724,0.5906,0.5903,0.66
28,0.4626,0.4788,0.487,0.517,0.6004,0.5925,0.5794,0.5285,0.5514,0.5666
29,0.2625,0.2611,0.5844,0.6175,0.548,0.5711,0.5362,0.6276,0.5747,0.6526
